turn,ts_ms,heapUsed,heapTotal,rss,external,arrayBuffers,mutableMessagesCount,mutableMessagesApproxBytes,contentReplacementSeenIds,contentReplacementReplacements,perKeyClippedIdsEntries,perKeyClippedIdsTotalIds,event
1,2.1,1213789,2385920,45056000,408706,0,4,287142,2,0,0,0,
2,4.2,1213789,3205120,50044928,408706,0,8,637693,4,0,0,0,
3,6.2,1213789,4286464,53248000,408706,0,12,1051724,6,0,0,0,
4,7.7,1213789,5269504,55607296,408706,0,16,1529262,8,0,0,0,
5,9.7,1213789,6563840,59277312,408706,0,20,2070297,10,0,0,0,
6,11.4,1213789,7612416,62160896,408706,0,24,2468972,12,0,0,0,
7,12.3,1213789,8185856,63471616,408706,0,28,2725306,14,0,0,0,
8,13.8,1213789,8923136,65699840,408706,0,32,3045133,16,0,0,0,
9,16.0,1213789,9938944,68583424,408706,0,36,3428508,18,0,0,0,
10,21.0,1213789,2435072,71335936,5660351,0,40,3875323,20,0,0,0,
11,22.3,1213789,3303424,72384512,5660351,0,44,4385610,22,0,0,0,
12,23.8,1213789,4630528,73302016,5660351,0,48,4959445,24,0,0,0,
13,24.2,1213789,5089280,73564160,5660351,0,52,5185061,26,0,0,0,
14,24.9,1213789,5761024,73957376,5660351,0,56,5474151,28,0,0,0,
15,25.7,1213789,6662144,74481664,5660351,0,60,5826727,30,0,0,0,
16,26.5,1213789,7514112,75005952,5660351,0,64,6242845,32,0,0,0,
17,27.7,1213789,8677376,75661312,5660351,0,68,6722462,34,0,0,0,
18,29.7,1213789,10070016,76840960,5660351,0,72,7265558,36,0,0,0,
19,31.2,1213789,10954752,77496320,5660351,0,76,7666280,38,0,0,0,
20,36.0,1213789,2992128,79069184,11223376,0,80,7924710,40,0,0,0,
21,37.3,1213789,3155968,79593472,11223376,0,84,8246629,42,0,0,0,
22,38.2,1213789,3909632,80248832,11223376,0,88,8632020,44,0,0,0,
23,39.2,1213789,4909056,80904192,11223376,0,92,9080836,46,0,0,0,
24,40.5,1213789,6121472,81690624,11223376,0,96,9593126,48,0,0,0,
25,41.7,1213789,7317504,82345984,11223376,0,100,10169028,50,0,0,0,
26,42.2,1213789,7825408,82608128,11223376,0,104,10396716,52,0,0,0,
27,42.9,1213789,8546304,83132416,11223376,0,108,10687893,54,0,0,0,
28,43.6,1213789,9283584,83525632,11223376,0,112,11042583,56,0,0,0,
29,44.6,1213789,10250240,84049920,11223376,0,116,11460720,58,0,0,0,
30,48.5,1213789,3352576,85360640,16581602,0,120,11942353,60,0,0,0,
31,49.6,1213789,3532800,85884928,16581602,0,124,12487446,62,0,0,0,
32,50.4,1213789,4335616,86409216,16581602,0,128,12890221,64,0,0,0,
33,51.1,1213789,4958208,86671360,16581602,0,132,13150734,66,0,0,0,
34,51.9,1213789,5646336,87457792,16581602,0,136,13474697,68,0,0,0,
35,52.8,1213789,6531072,88113152,16581602,0,140,13862109,70,0,0,0,
36,53.9,1213789,7596032,88768512,16581602,0,144,14313003,72,0,0,0,
37,55.0,1213789,8644608,89292800,16581602,0,148,14827395,74,0,0,0,
38,56.4,1213789,9889792,90210304,16581602,0,152,15405248,76,0,0,0,
39,57.0,1213789,10528768,90472448,16581602,0,156,15634955,78,0,0,0,
40,60.1,1213789,3713024,91127808,21619630,0,160,15928173,80,0,0,0,
41,61.0,1213789,3860480,91652096,21619630,0,164,16284906,82,0,0,0,
42,62.0,1213789,4286464,92962816,21619630,0,168,16705143,84,0,0,0,
43,63.2,1213789,5253120,86683648,21619630,0,172,17188808,86,0,0,0,
44,64.9,1213789,6449152,88911872,21619630,0,176,17735936,88,0,0,0,
45,66.4,1213789,7497728,92340224,21619630,0,180,18140728,90,0,0,0,
46,67.1,1213789,8038400,93650944,21619630,0,184,18403253,92,0,0,0,
47,68.2,1213789,8808448,95834112,21619630,0,188,18729243,94,0,0,0,
48,69.5,1213789,9725952,97406976,21619630,0,192,19118671,96,0,0,0,
49,70.8,1213789,10708992,98848768,21619630,0,196,19571636,98,0,0,0,
50,76.5,1213789,4073472,101470208,27364925,0,200,20088085,100,0,0,0,
51,78.3,1213789,4204544,102256640,27364925,0,204,20668036,102,0,0,0,
52,78.8,1213789,4417536,102518784,27364925,0,208,20899829,104,0,0,0,
53,79.5,1213789,5089280,103043072,27364925,0,212,21195091,106,0,0,0,
54,80.4,1213789,5957632,103567360,27364925,0,216,21553855,108,0,0,0,
55,81.2,1213789,6858752,104222720,27364925,0,220,21976092,110,0,0,0,
56,82.4,1213789,7940096,105009152,27364925,0,224,22461831,112,0,0,0,
57,83.8,1213789,9250816,106057728,27364925,0,228,23011043,114,0,0,0,
58,84.8,1213789,10102784,106450944,27364925,0,232,23417956,116,0,0,0,
59,85.4,1213789,10790912,106975232,27364925,0,236,23682539,118,0,0,0,
60,89.1,1213789,4352000,107499520,32695821,0,240,24010564,120,0,0,0,
61,89.9,1213789,4499456,107892736,32695821,0,244,24402066,122,0,0,0,
62,91.0,1213789,4532224,108548096,32695821,0,248,24857044,124,0,0,0,
63,92.3,1213789,5613568,109334528,32695821,0,252,25375532,126,0,0,0,
64,93.5,1213789,6760448,109989888,32695821,0,256,25957550,128,0,0,0,
65,94.0,1213789,7366656,110252032,32695821,0,260,26191408,130,0,0,0,
66,94.7,1213789,8103936,110776320,32695821,0,264,26488776,132,0,0,0,
67,95.4,1213789,8857600,111169536,32695821,0,268,26849575,134,0,0,0,
68,96.5,1213789,9807872,111824896,32695821,0,272,27273874,136,0,0,0,
69,97.7,1213789,11053056,112480256,32695821,0,276,27761620,138,0,0,0,
70,102.3,1213789,4663296,113659904,38192519,0,280,28312830,140,0,0,0,
71,103.2,1213789,4827136,114446336,38192519,0,284,28721700,142,0,0,0,
72,103.8,1213789,4859904,114839552,38192519,0,288,28988262,144,0,0,0,
73,104.5,1213789,4925440,115232768,38192519,0,292,29318329,146,0,0,0,
74,105.5,1213789,5711872,116019200,38192519,0,296,29711903,148,0,0,0,
75,106.7,1213789,6842368,116805632,38192519,0,300,30168985,150,0,0,0,
76,107.7,1213789,7890944,117329920,38192519,0,304,30689569,152,0,0,0,
77,109.0,1213789,9185280,118116352,38192519,0,308,31273585,154,0,0,0,
78,109.6,1213789,9775104,118509568,38192519,0,312,31509491,156,0,0,0,
79,110.2,1213789,10479616,118771712,38192519,0,316,31808859,158,0,0,0,
80,114.8,1213789,4909056,119427072,43297601,0,320,32171755,160,0,0,0,
81,116.5,1213789,5056512,120082432,43297601,0,324,32598032,162,0,0,0,
82,118.2,1213789,5089280,120475648,43297601,0,328,33087814,164,0,0,0,
83,120.1,1213789,5892096,121393152,43297601,0,332,33641105,166,0,0,0,
84,121.8,1213789,6907904,122048512,43297601,0,336,34052096,168,0,0,0,
85,122.7,1213789,7530496,122310656,43297601,0,340,34320736,170,0,0,0,
86,123.9,1213789,8284160,122834944,43297601,0,344,34652849,172,0,0,0,
87,125.0,1213789,9267200,123490304,43297601,0,348,35048469,174,0,0,0,
88,125.9,1213789,10201088,123883520,43297601,0,352,35507596,176,0,0,0,
89,127.2,1213789,11413504,124669952,43297601,0,356,36030208,178,0,0,0,
90,132.4,1213789,5236736,126373888,49439002,0,360,36616354,180,0,0,0,
91,132.9,1213789,5384192,126636032,49439002,0,364,36854262,182,0,0,0,
92,133.6,1213789,5449728,127160320,49439002,0,368,37155687,184,0,0,0,
93,134.6,1213789,5482496,127815680,49439002,0,372,37520568,186,0,0,0,
94,135.4,1213789,5711872,128339968,49439002,0,376,37948917,188,0,0,0,
95,136.5,1213789,6842368,128995328,49439002,0,380,38440788,190,0,0,0,
96,137.9,1213789,8169472,129912832,49439002,0,384,38996122,192,0,0,0,
97,138.8,1213789,9070592,130306048,49439002,0,388,39409150,194,0,0,0,
98,139.4,1213789,9709568,130699264,49439002,0,392,39679819,196,0,0,0,
99,140.3,1213789,10594304,131223552,49439002,0,396,40014043,198,0,0,0,
100,164.4,1213789,5499904,182923264,54439600,0,400,862830,200,196,1,196,compact
101,166.1,1213789,5647360,183447552,54439600,0,404,1323978,202,196,1,196,
102,167.8,1213789,5696512,183447552,54439600,0,408,1848580,204,196,1,196,
103,169.0,1213789,6220800,184102912,54439600,0,412,2436679,206,196,1,196,
104,169.5,1213789,6810624,184233984,54439600,0,416,2676707,208,196,1,196,
105,170.2,1213789,7597056,184496128,54439600,0,420,2980132,210,196,1,196,
106,171.0,1213789,8383488,185020416,54439600,0,424,3347044,212,196,1,196,
107,171.9,1213789,9350144,185151488,54439600,0,428,3777513,214,196,1,196,
108,173.0,1213789,10562560,185282560,54439600,0,432,4271458,216,196,1,196,
109,174.2,1213789,11758592,185937920,54439600,0,436,4828902,218,196,1,196,
110,178.7,1213789,5909504,186986496,60158539,0,440,5243970,220,196,1,196,
111,179.4,1213789,6056960,186986496,60158539,0,444,5516738,222,196,1,196,
112,180.0,1213789,6106112,186986496,60158539,0,448,5853020,224,196,1,196,
113,180.7,1213789,6171648,187117568,60158539,0,452,6252764,226,196,1,196,
114,181.8,1213789,6384640,187117568,60158539,0,456,6715970,228,196,1,196,
115,182.6,1213789,7465984,187117568,60158539,0,460,7242661,230,196,1,196,
116,184.0,1213789,8776704,187772928,60158539,0,464,7832876,232,196,1,196,
117,184.5,1213789,9382912,187904000,60158539,0,468,8074902,234,196,1,196,
118,185.1,1213789,10038272,187904000,60158539,0,472,8380454,236,196,1,196,
119,185.8,1213789,10939392,187904000,60158539,0,476,8749452,238,196,1,196,
120,190.6,1213789,6089728,188035072,65456985,0,480,9181934,240,196,1,196,
121,192.2,1213789,6253568,188035072,65456985,0,484,9677952,242,196,1,196,
122,194.1,1213789,6302720,188559360,65456985,0,488,10237403,244,196,1,196,
123,195.5,1213789,6368256,189214720,65456985,0,492,10654589,246,196,1,196,
124,195.9,1213789,6794240,189214720,65456985,0,496,10929363,248,196,1,196,
125,196.6,1213789,7613440,189214720,65456985,0,500,11267605,250,196,1,196,
126,197.6,1213789,8645632,189607936,65456985,0,504,11669348,252,196,1,196,
127,198.4,1213789,9579520,189607936,65456985,0,508,12134558,254,196,1,196,
128,199.6,1213789,10742784,190132224,65456985,0,512,12663304,256,196,1,196,
129,201.1,1213789,12233728,190787584,65456985,0,516,13255500,258,196,1,196,
130,205.7,1213789,6351872,190787584,71281392,0,520,13499545,260,196,1,196,
131,206.8,1213789,6532096,190787584,71281392,0,524,13807139,262,196,1,196,
132,208.1,1213789,6597632,190918656,71281392,0,528,14178225,264,196,1,196,
133,209.6,1213789,6679552,190918656,71281392,0,532,14612817,266,196,1,196,
134,211.3,1213789,6745088,191442944,71281392,0,536,15110808,268,196,1,196,
135,213.5,1213789,8006656,192098304,71281392,0,540,15672347,270,196,1,196,
136,214.7,1213789,8940544,192098304,71281392,0,544,16091559,272,196,1,196,
137,215.2,1213789,9579520,192098304,71281392,0,548,16368398,274,196,1,196,
138,216.0,1213789,10447872,192098304,71281392,0,552,16708742,276,196,1,196,
139,216.7,1213789,11332608,192098304,71281392,0,556,17112526,278,196,1,196,
140,221.7,1213789,6564864,192491520,76768029,0,560,17579792,280,196,1,196,
141,223.7,1213789,6728704,193015808,76768029,0,564,18110592,282,196,1,196,
142,225.6,1213789,6810624,193015808,76768029,0,568,18704842,284,196,1,196,
143,226.4,1213789,6876160,193015808,76768029,0,572,18950963,286,196,1,196,
144,227.6,1213789,6958080,193146880,76768029,0,576,19260576,288,196,1,196,
145,228.8,1213789,7662592,193146880,76768029,0,580,19633684,290,196,1,196,
146,230.3,1213789,8678400,193671168,76768029,0,584,20070273,292,196,1,196,
147,231.5,1213789,9890816,194195456,76768029,0,588,20570334,294,196,1,196,
148,232.5,1213789,11021312,194195456,76768029,0,592,21133854,296,196,1,196,
149,233.3,1213789,11955200,194195456,76768029,0,596,21555046,298,196,1,196,
150,238.0,1213789,6794240,194195456,82255069,0,600,21833920,300,196,1,196,
151,239.1,1213789,6941696,194195456,82255069,0,604,22176275,302,196,1,196,
152,240.5,1213789,6990848,194588672,82255069,0,608,22582105,304,196,1,196,
153,241.8,1213789,7056384,195244032,82255069,0,612,23051442,306,196,1,196,
154,242.7,1213789,7105536,195244032,82255069,0,616,23584329,308,196,1,196,
155,244.0,1213789,8154112,196161536,82255069,0,620,24180668,310,196,1,196,
156,244.6,1213789,8809472,196161536,82255069,0,624,24428885,312,196,1,196,
157,245.2,1213789,9432064,196161536,82255069,0,628,24740585,314,196,1,196,
158,246.0,1213789,10284032,196554752,82255069,0,632,25115705,316,196,1,196,
159,247.1,1213789,11398144,197107712,82255069,0,636,25554300,318,196,1,196,
160,251.6,1213789,7007232,197369856,87733253,0,640,26056394,320,196,1,196,
161,253.0,1213789,7154688,198025216,87733253,0,644,26622007,322,196,1,196,
162,254.1,1213789,7187456,198680576,87733253,0,648,27045309,324,196,1,196,
163,254.6,1213789,7220224,198680576,87733253,0,652,27326231,326,196,1,196,
164,255.3,1213789,7252992,198680576,87733253,0,656,27670674,328,196,1,196,
165,256.3,1213789,7629824,199073792,87733253,0,660,28078605,330,196,1,196,
166,257.1,1213789,8580096,199073792,87733253,0,664,28550051,332,196,1,196,
167,258.3,1213789,9710592,199598080,87733253,0,668,29084921,334,196,1,196,
168,259.7,1213789,11119616,200122368,87733253,0,672,29683315,336,196,1,196,
169,260.1,1213789,11676672,200122368,87733253,0,676,29933589,338,196,1,196,
170,264.8,1213789,7203840,198754304,93608926,0,680,30247307,340,196,1,196,
171,265.8,1213789,7334912,198885376,93608926,0,684,30624499,342,196,1,196,
172,266.6,1213789,7351296,199016448,93608926,0,688,31065164,344,196,1,196,
173,267.8,1213789,7367680,199671808,93608926,0,692,31569357,346,196,1,196,
174,269.1,1213789,7416832,200196096,93608926,0,696,32137012,348,196,1,196,
175,270.0,1213789,8154112,200327168,93608926,0,700,32562338,350,196,1,196,
176,270.6,1213789,8776704,200327168,93608926,0,704,32845312,352,196,1,196,
177,271.4,1213789,9612288,200458240,93608926,0,708,33191780,354,196,1,196,
178,272.1,1213789,10431488,200458240,93608926,0,712,33601790,356,196,1,196,
179,273.2,1213789,11496448,200982528,93608926,0,716,34075258,358,196,1,196,
180,278.4,1213789,7416832,201900032,99493928,0,720,34612171,360,196,1,196,
181,279.2,1213789,7547904,201900032,99493928,0,724,35006753,362,196,1,196,
182,279.7,1213789,7564288,201900032,99493928,0,728,35259029,364,196,1,196,
183,280.4,1213789,7580672,202031104,99493928,0,732,35574758,366,196,1,196,
184,281.1,1213789,7629824,202031104,99493928,0,736,35953970,368,196,1,196,
185,282.2,1213789,7695360,202555392,99493928,0,740,36396761,370,196,1,196,
186,283.4,1213789,8154112,203079680,99493928,0,744,36903010,372,196,1,196,
187,284.4,1213789,9284608,203079680,99493928,0,748,37472734,374,196,1,196,
188,285.1,1213789,10136576,203079680,99493928,0,752,37900100,376,196,1,196,
189,285.8,1213789,10890240,203079680,99493928,0,756,38185172,378,196,1,196,
190,290.3,1213789,7580672,203079680,104412413,0,760,38533756,380,196,1,196,
191,291.5,1213789,7728128,203603968,104412413,0,764,38945748,382,196,1,196,
192,292.6,1213789,7744512,203997184,104412413,0,768,39421191,384,196,1,196,
193,293.6,1213789,7760896,203997184,104412413,0,772,39960180,386,196,1,196,
194,294.3,1213789,7810048,203997184,104412413,0,776,40356879,388,196,1,196,
195,294.8,1213789,7875584,203997184,104412413,0,780,40611212,390,196,1,196,
196,295.4,1213789,8252416,203997184,104412413,0,784,40928988,392,196,1,196,
197,296.2,1213789,9088000,204390400,104412413,0,788,41310232,394,196,1,196,
198,297.3,1213789,10136576,204783616,104412413,0,792,41755018,396,196,1,196,
199,298.2,1213789,11185152,204783616,104412413,0,796,42263304,398,196,1,196,
200,322.4,1213789,6597632,260489216,55325645,0,0,0,0,0,0,0,compact+clear
201,322.9,1213789,6695936,260489216,55325645,0,4,223527,2,0,0,0,
202,323.3,1213789,6745088,260489216,55325645,0,8,510685,4,0,0,0,
203,324.0,1213789,6777856,260489216,55325645,0,12,861252,6,0,0,0,
204,324.8,1213789,6827008,260489216,55325645,0,16,1275299,8,0,0,0,
205,325.5,1213789,6876160,260489216,55325645,0,20,1752853,10,0,0,0,
206,326.5,1213789,7891968,260489216,55325645,0,24,2293904,12,0,0,0,
207,327.4,1213789,8875008,260489216,55325645,0,28,2692595,14,0,0,0,
208,327.7,1213789,9415680,260489216,55325645,0,32,2948945,16,0,0,0,
209,328.4,1213789,10169344,260882432,55325645,0,36,3268787,18,0,0,0,
210,331.9,1213789,6695936,261406720,59507559,0,40,3652177,20,0,0,0,
211,332.7,1213789,6777856,261931008,59507559,0,44,4099000,22,0,0,0,
212,333.7,1213789,6810624,262193152,59507559,0,48,4609295,24,0,0,0,
213,334.9,1213789,6827008,262455296,59507559,0,52,5183138,26,0,0,0,
214,335.2,1213789,6892544,262455296,59507559,0,56,5408762,28,0,0,0,
215,335.7,1213789,7285760,262455296,59507559,0,60,5697860,30,0,0,0,
216,336.4,1213789,8121344,262455296,59507559,0,64,6050444,32,0,0,0,
217,337.1,1213789,8940544,262455296,59507559,0,68,6466570,34,0,0,0,
218,337.9,1213789,10005504,262455296,59507559,0,72,6946195,36,0,0,0,
219,339.0,1213789,11332608,262455296,59507559,0,76,7489299,38,0,0,0,
220,343.9,1213789,6892544,262455296,65104789,0,80,7890029,40,0,0,0,
221,344.5,1213789,6974464,262455296,65104789,0,84,8148467,42,0,0,0,
222,345.2,1213789,7007232,262455296,65104789,0,88,8470394,44,0,0,0,
223,345.8,1213789,7040000,262455296,65104789,0,92,8855793,46,0,0,0,
224,346.6,1213789,7089152,262455296,65104789,0,96,9304617,48,0,0,0,
225,347.6,1213789,7154688,262455296,65104789,0,100,9816915,50,0,0,0,
226,348.6,1213789,8301568,262455296,65104789,0,104,10392825,52,0,0,0,
227,349.0,1213789,8793088,262455296,65104789,0,108,10620521,54,0,0,0,
228,349.5,1213789,9513984,262455296,65104789,0,112,10911706,56,0,0,0,
229,350.1,1213789,10284032,262455296,65104789,0,116,11266404,58,0,0,0,
230,354.6,1213789,7072768,262455296,70131664,0,120,11684549,60,0,0,0,
231,356.3,1213789,7154688,262455296,70131664,0,124,12166190,62,0,0,0,
232,357.9,1213789,7187456,262455296,70131664,0,128,12711291,64,0,0,0,
233,359.0,1213789,7220224,262455296,70131664,0,132,13114074,66,0,0,0,
234,359.9,1213789,7269376,262455296,70131664,0,136,13374595,68,0,0,0,
235,360.8,1213789,7318528,262455296,70131664,0,140,13698566,70,0,0,0,
236,361.5,1213789,8006656,262455296,70131664,0,144,14085986,72,0,0,0,
237,362.4,1213789,9055232,262455296,70131664,0,148,14536888,74,0,0,0,
238,363.2,1213789,10087424,262455296,70131664,0,152,15051288,76,0,0,0,
239,364.5,1213789,11381760,260521984,70131664,0,156,15629149,78,0,0,0,
240,368.7,1213789,7203840,261177344,75574320,0,160,15858864,80,0,0,0,
241,369.2,1213789,7302144,261177344,75574320,0,164,16152090,82,0,0,0,
242,369.9,1213789,7334912,261308416,75574320,0,168,16508831,84,0,0,0,
243,370.7,1213789,7367680,261308416,75574320,0,172,16929076,86,0,0,0,
244,371.5,1213789,7400448,261439488,75574320,0,176,17412749,88,0,0,0,
245,372.7,1213789,7465984,261963776,75574320,0,180,17959885,90,0,0,0,
246,373.7,1213789,8367104,262619136,75574320,0,184,18364685,92,0,0,0,
247,374.1,1213789,8891392,262619136,75574320,0,188,18627218,94,0,0,0,
248,374.7,1213789,9612288,262619136,75574320,0,192,18953216,96,0,0,0,
249,375.5,1213789,10611712,262619136,75574320,0,196,19342652,98,0,0,0,
250,380.0,1213789,7384064,262619136,80821299,0,200,19795625,100,0,0,0,
251,381.7,1213789,7482368,263143424,80821299,0,204,20312082,102,0,0,0,
252,383.9,1213789,7515136,263798784,80821299,0,208,20892041,104,0,0,0,
253,384.5,1213789,7547904,263798784,80821299,0,212,21123842,106,0,0,0,
254,385.4,1213789,7580672,263798784,80821299,0,216,21419112,108,0,0,0,
255,386.6,1213789,7646208,263798784,80821299,0,220,21777884,110,0,0,0,
256,387.7,1213789,8170496,263798784,80821299,0,224,22200129,112,0,0,0,
257,388.7,1213789,9219072,264192000,80821299,0,228,22685876,114,0,0,0,
258,390.0,1213789,10497024,264847360,80821299,0,232,23235096,116,0,0,0,
259,390.7,1213789,11430912,264847360,80821299,0,236,23642017,118,0,0,0,
260,394.7,1213789,7580672,264847360,86450477,0,240,23906608,120,0,0,0,
261,395.4,1213789,7711744,264847360,86450477,0,244,24234641,122,0,0,0,
262,396.0,1213789,7744512,264847360,86450477,0,248,24626151,124,0,0,0,
263,396.9,1213789,7760896,265371648,86450477,0,252,25081137,126,0,0,0,
264,398.1,1213789,7793664,265764864,86450477,0,256,25599633,128,0,0,0,
265,399.1,1213789,7859200,265895936,86450477,0,260,26181659,130,0,0,0,
266,399.5,1213789,8350720,265895936,86450477,0,264,26415525,132,0,0,0,
267,400.1,1213789,9055232,265895936,86450477,0,268,26712901,134,0,0,0,
268,400.7,1213789,9776128,265895936,86450477,0,272,27073708,136,0,0,0,
269,401.6,1213789,10775552,266289152,86450477,0,276,27498015,138,0,0,0,
270,406.7,1213789,7760896,266813440,91877769,0,280,27985769,140,0,0,0,
271,408.0,1213789,7875584,266813440,91877769,0,284,28536987,142,0,0,0,
272,408.7,1213789,7908352,266813440,91877769,0,288,28945865,144,0,0,0,
273,409.2,1213789,7924736,266813440,91877769,0,292,29212435,146,0,0,0,
274,409.8,1213789,7957504,266813440,91877769,0,296,29542510,148,0,0,0,
275,410.6,1213789,8023040,267206656,91877769,0,300,29936092,150,0,0,0,
276,411.7,1213789,8072192,267599872,91877769,0,304,30393182,152,0,0,0,
277,412.6,1213789,9071616,267599872,91877769,0,308,30913774,154,0,0,0,
278,413.8,1213789,10316800,268255232,91877769,0,312,31497797,156,0,0,0,
279,414.3,1213789,10972160,268255232,91877769,0,316,31733710,158,0,0,0,
280,418.2,1213789,7908352,268255232,96980341,0,320,32033085,160,0,0,0,
281,418.9,1213789,8023040,268255232,96980341,0,324,32395988,162,0,0,0,
282,419.9,1213789,8055808,268648448,96980341,0,328,32822272,164,0,0,0,
283,420.7,1213789,8072192,268648448,96980341,0,332,33312061,166,0,0,0,
284,421.9,1213789,8104960,269172736,96980341,0,336,33865359,168,0,0,0,
285,422.9,1213789,8170496,269828096,96980341,0,340,34276357,170,0,0,0,
286,423.4,1213789,8449024,269828096,96980341,0,344,34545004,172,0,0,0,
287,424.0,1213789,9169920,269828096,96980341,0,348,34877124,174,0,0,0,
288,424.8,1213789,10103808,269828096,96980341,0,352,35272751,176,0,0,0,
289,425.6,1213789,11086848,269828096,96980341,0,356,35731885,178,0,0,0,
290,431.0,1213789,8104960,270614528,102799778,0,360,36254504,180,0,0,0,
291,433.1,1213789,8219648,271138816,102799778,0,364,36840657,182,0,0,0,
292,433.5,1213789,8236032,271138816,102799778,0,368,37078572,184,0,0,0,
293,434.1,1213789,8268800,271138816,102799778,0,372,37380004,186,0,0,0,
294,434.8,1213789,8301568,271269888,102799778,0,376,37744892,188,0,0,0,
295,435.6,1213789,8367104,271269888,102799778,0,380,38173248,190,0,0,0,
296,436.6,1213789,8416256,271794176,102799778,0,384,38665126,192,0,0,0,
297,437.9,1213789,9579520,272318464,102799778,0,388,39220467,194,0,0,0,
298,438.7,1213789,10431488,272318464,102799778,0,392,39633502,196,0,0,0,
299,439.2,1213789,11103232,272318464,102799778,0,396,39904178,198,0,0,0,
300,452.5,1213789,7597056,290013184,55386699,0,400,736423,200,196,1,196,compact
301,453.2,1213789,7711744,290013184,55386699,0,404,1134131,202,196,1,196,
302,454.1,1213789,7728128,290013184,55386699,0,408,1595279,204,196,1,196,
303,455.2,1213789,7760896,290013184,55386699,0,412,2119881,206,196,1,196,
304,456.2,1213789,7793664,290013184,55386699,0,416,2707980,208,196,1,196,
305,456.6,1213789,7859200,290013184,55386699,0,420,2948008,210,196,1,196,
306,457.2,1213789,8449024,290013184,55386699,0,424,3251433,212,196,1,196,
307,457.9,1213789,9169920,290013184,55386699,0,428,3618345,214,196,1,196,
308,458.7,1213789,10103808,290013184,55386699,0,432,4048814,216,196,1,196,
309,459.7,1213789,11332608,290013184,55386699,0,436,4542759,218,196,1,196,
310,465.0,1213789,7777280,280289280,60963043,0,440,5100203,220,196,1,196,
311,466.5,1213789,7891968,266301440,60963043,0,444,5515271,222,196,1,196,
312,467.4,1213789,7908352,266432512,60963043,0,448,5788039,224,196,1,196,
313,468.1,1213789,7941120,266563584,60963043,0,452,6124321,226,196,1,196,
314,468.9,1213789,7973888,266694656,60963043,0,456,6524065,228,196,1,196,
315,469.9,1213789,8039424,266694656,60963043,0,460,6987271,230,196,1,196,
316,470.9,1213789,8186880,266956800,60963043,0,464,7513962,232,196,1,196,
317,472.5,1213789,9432064,268267520,60963043,0,468,8104177,234,196,1,196,
318,473.2,1213789,10021888,268791808,60963043,0,472,8346203,236,196,1,196,
319,474.0,1213789,10710016,269578240,60963043,0,476,8651755,238,196,1,196,
320,478.6,1213789,7908352,270495744,66149877,0,480,9020753,240,196,1,196,
321,479.6,1213789,8039424,270495744,66149877,0,484,9453235,242,196,1,196,
322,480.4,1213789,8055808,270495744,66149877,0,488,9949253,244,196,1,196,
323,481.6,1213789,8088576,270495744,66149877,0,492,10508704,246,196,1,196,
324,482.6,1213789,8121344,270495744,66149877,0,496,10925890,248,196,1,196,
325,483.1,1213789,8186880,270495744,66149877,0,500,11200664,250,196,1,196,
326,483.7,1213789,8580096,270495744,66149877,0,504,11538906,252,196,1,196,
327,484.6,1213789,9513984,270495744,66149877,0,508,11940649,254,196,1,196,
328,485.4,1213789,10431488,270495744,66149877,0,512,12405859,256,196,1,196,
329,486.8,1213789,11611136,271675392,66149877,0,516,12934605,258,196,1,196,
330,493.2,1213789,8121344,273379328,72370671,0,520,13526801,260,196,1,196,
331,494.0,1213789,8252416,273379328,72370671,0,524,13770846,262,196,1,196,
332,495.0,1213789,8285184,273510400,72370671,0,528,14078440,264,196,1,196,
333,496.3,1213789,8317952,273510400,72370671,0,532,14449526,266,196,1,196,
334,497.7,1213789,8350720,273510400,72370671,0,536,14884118,268,196,1,196,
335,499.4,1213789,8416256,274165760,72370671,0,540,15382109,270,196,1,196,
336,501.2,1213789,8465408,274690048,72370671,0,544,15943648,272,196,1,196,
337,502.0,1213789,9284608,274821120,72370671,0,548,16362860,274,196,1,196,
338,502.5,1213789,9907200,274821120,72370671,0,552,16639699,276,196,1,196,
339,503.3,1213789,10775552,274821120,72370671,0,556,16980043,278,196,1,196,
340,507.0,1213789,8236032,274821120,77390485,0,560,17383827,280,196,1,196,
341,508.1,1213789,8367104,275345408,77390485,0,564,17851093,282,196,1,196,
342,509.3,1213789,8383488,275869696,77390485,0,568,18381893,284,196,1,196,
343,510.3,1213789,8416256,275869696,77390485,0,572,18976143,286,196,1,196,
344,510.8,1213789,8449024,275869696,77390485,0,576,19222264,288,196,1,196,
345,511.4,1213789,8514560,275869696,77390485,0,580,19531877,290,196,1,196,
346,512.1,1213789,8563712,275869696,77390485,0,584,19904985,292,196,1,196,
347,513.1,1213789,9481216,276262912,77390485,0,588,20341574,294,196,1,196,
348,514.3,1213789,10660864,276787200,77390485,0,592,20841635,296,196,1,196,
349,515.2,1213789,11824128,276787200,77390485,0,596,21405155,298,196,1,196,
350,519.3,1213789,8399872,276918272,83179081,0,600,21826347,300,196,1,196,
351,520.0,1213789,8530944,276918272,83179081,0,604,22105221,302,196,1,196,
352,520.6,1213789,8547328,276918272,83179081,0,608,22447576,304,196,1,196,
353,521.5,1213789,8580096,277311488,83179081,0,612,22853406,306,196,1,196,
354,522.6,1213789,8612864,277704704,83179081,0,616,23322743,308,196,1,196,
355,523.6,1213789,8678400,277835776,83179081,0,620,23855630,310,196,1,196,
356,525.0,1213789,8793088,278360064,83179081,0,624,24451969,312,196,1,196,
357,525.6,1213789,9382912,278360064,83179081,0,628,24700186,314,196,1,196,
358,526.1,1213789,10021888,278360064,83179081,0,632,25011886,316,196,1,196,
359,527.0,1213789,10890240,278753280,83179081,0,636,25387006,318,196,1,196,
360,531.8,1213789,8547328,279146496,88560249,0,640,25825601,320,196,1,196,
361,532.7,1213789,8678400,279146496,88560249,0,644,26327695,322,196,1,196,
362,534.0,1213789,8694784,279801856,88560249,0,648,26893308,324,196,1,196,
363,535.1,1213789,8727552,280457216,88560249,0,652,27316610,326,196,1,196,
364,535.6,1213789,8760320,280457216,88560249,0,656,27597532,328,196,1,196,
365,536.3,1213789,8825856,280457216,88560249,0,660,27941975,330,196,1,196,
366,537.3,1213789,8875008,280850432,88560249,0,664,28349906,332,196,1,196,
367,538.1,1213789,9595904,280850432,88560249,0,668,28821352,334,196,1,196,
368,539.3,1213789,10726400,281374720,88560249,0,672,29356222,336,196,1,196,
369,540.8,1213789,12200960,281899008,88560249,0,676,29954616,338,196,1,196,
370,544.5,1213789,8678400,282030080,94464818,0,680,30204890,340,196,1,196,
371,545.2,1213789,8825856,282030080,94464818,0,684,30518608,342,196,1,196,
372,546.0,1213789,8842240,282030080,94464818,0,688,30895800,344,196,1,196,
373,546.7,1213789,8858624,282030080,94464818,0,692,31336465,346,196,1,196,
374,547.8,1213789,8891392,282554368,94464818,0,696,31840658,348,196,1,196,
375,549.2,1213789,8973312,283209728,94464818,0,700,32408313,350,196,1,196,
376,550.0,1213789,8989696,283209728,94464818,0,704,32833639,352,196,1,196,
377,550.5,1213789,9530368,283209728,94464818,0,708,33116613,354,196,1,196,
378,551.3,1213789,10349568,283209728,94464818,0,712,33463081,356,196,1,196,
379,552.0,1213789,11217920,283209728,94464818,0,716,33873091,358,196,1,196,
380,556.4,1213789,8809472,283602944,100032425,0,720,34346559,360,196,1,196,
381,557.7,1213789,8956928,284258304,100032425,0,724,34883472,362,196,1,196,
382,558.4,1213789,8973312,284258304,100032425,0,728,35278054,364,196,1,196,
383,558.9,1213789,8989696,284258304,100032425,0,732,35530330,366,196,1,196,
384,559.6,1213789,9022464,284258304,100032425,0,736,35846059,368,196,1,196,
385,560.2,1213789,9104384,284258304,100032425,0,740,36225271,370,196,1,196,
386,561.2,1213789,9120768,284651520,100032425,0,744,36668062,372,196,1,196,
387,562.5,1213789,9464832,285175808,100032425,0,748,37174311,374,196,1,196,
388,563.4,1213789,10562560,285175808,100032425,0,752,37744035,376,196,1,196,
389,564.2,1213789,11463680,285175808,100032425,0,756,38171401,378,196,1,196,
390,568.5,1213789,8924160,282451968,105398359,0,760,38456473,380,196,1,196,
391,569.2,1213789,9088000,282583040,105398359,0,764,38805057,382,196,1,196,
392,570.2,1213789,9104384,283107328,105398359,0,768,39217049,384,196,1,196,
393,571.4,1213789,9120768,283631616,105398359,0,772,39692492,386,196,1,196,
394,572.4,1213789,9153536,283762688,105398359,0,776,40231481,388,196,1,196,
395,573.1,1213789,9235456,283762688,105398359,0,780,40628180,390,196,1,196,
396,573.7,1213789,9251840,283762688,105398359,0,784,40882513,392,196,1,196,
397,574.2,1213789,9300992,283893760,105398359,0,788,41200289,394,196,1,196,
398,575.2,1213789,9808896,284286976,105398359,0,792,41581533,396,196,1,196,
399,576.3,1213789,10906624,284811264,105398359,0,796,42026319,398,196,1,196,
400,592.0,1213789,6663168,308273152,54970702,0,0,0,0,0,0,0,compact+clear
401,593.2,1213789,6777856,308273152,54970702,0,4,571699,2,0,0,0,
402,593.6,1213789,6810624,308273152,54970702,0,8,795226,4,0,0,0,
403,594.1,1213789,6843392,308273152,54970702,0,12,1082384,6,0,0,0,
404,594.7,1213789,6892544,308273152,54970702,0,16,1432951,8,0,0,0,
405,595.5,1213789,7007232,308273152,54970702,0,20,1846998,10,0,0,0,
406,596.3,1213789,7957504,308273152,54970702,0,24,2324552,12,0,0,0,
407,597.3,1213789,9137152,308273152,54970702,0,28,2865603,14,0,0,0,
408,598.1,1213789,10136576,308273152,54970702,0,32,3264294,16,0,0,0,
409,598.5,1213789,10693632,308273152,54970702,0,36,3520644,18,0,0,0,
410,602.9,1213789,6827008,308273152,59809814,0,40,3840486,20,0,0,0,
411,604.2,1213789,6925312,308273152,59809814,0,44,4223876,22,0,0,0,
412,604.9,1213789,6941696,308273152,59809814,0,48,4670699,24,0,0,0,
413,605.8,1213789,6958080,308273152,59809814,0,52,5180994,26,0,0,0,
414,607.0,1213789,7121920,308273152,59809814,0,56,5754837,28,0,0,0,
415,607.4,1213789,7613440,308273152,59809814,0,60,5980461,30,0,0,0,
416,607.9,1213789,8252416,308404224,59809814,0,64,6269559,32,0,0,0,
417,608.6,1213789,9104384,308404224,59809814,0,68,6622143,34,0,0,0,
418,609.2,1213789,9939968,308404224,59809814,0,72,7038269,36,0,0,0,
419,610.1,1213789,11004928,308404224,59809814,0,76,7517894,38,0,0,0,
420,615.5,1213789,7072768,308404224,65572048,0,80,8060998,40,0,0,0,
421,616.8,1213789,7171072,308404224,65572048,0,84,8461728,42,0,0,0,
422,617.5,1213789,7187456,308404224,65572048,0,88,8720166,44,0,0,0,
423,618.1,1213789,7203840,308404224,65572048,0,92,9042093,46,0,0,0,
424,618.7,1213789,7269376,308404224,65572048,0,96,9427492,48,0,0,0,
425,619.6,1213789,7318528,308404224,65572048,0,100,9876316,50,0,0,0,
426,620.6,1213789,8055808,308404224,65572048,0,104,10388614,52,0,0,0,
427,621.5,1213789,9186304,308404224,65572048,0,108,10964524,54,0,0,0,
428,621.9,1213789,9710592,308404224,65572048,0,112,11192220,56,0,0,0,
429,622.6,1213789,10464256,308666368,65572048,0,116,11483405,58,0,0,0,
430,625.9,1213789,7252992,308666368,70364389,0,120,11838103,60,0,0,0,
431,626.7,1213789,7351296,308666368,70364389,0,124,12256248,62,0,0,0,
432,627.6,1213789,7367680,308666368,70364389,0,128,12737889,64,0,0,0,
433,628.5,1213789,7384064,308666368,70364389,0,132,13282990,66,0,0,0,
434,629.1,1213789,7449600,308666368,70364389,0,136,13685773,68,0,0,0,
435,629.6,1213789,7498752,308666368,70364389,0,140,13946294,70,0,0,0,
436,630.1,1213789,8121344,308666368,70364389,0,144,14270265,72,0,0,0,
437,630.8,1213789,8973312,308666368,70364389,0,148,14657685,74,0,0,0,
438,631.7,1213789,10038272,308666368,70364389,0,152,15108587,76,0,0,0,
439,632.5,1213789,11103232,308666368,70364389,0,156,15622987,78,0,0,0,
440,637.2,1213789,7416832,309321728,76107109,0,160,16200848,80,0,0,0,
441,637.9,1213789,7531520,309321728,76107109,0,164,16430563,82,0,0,0,
442,638.7,1213789,7547904,309321728,76107109,0,168,16723789,84,0,0,0,
443,639.8,1213789,7564288,309321728,76107109,0,172,17080530,86,0,0,0,
444,641.3,1213789,7613440,309846016,76107109,0,176,17500775,88,0,0,0,
445,642.8,1213789,7678976,309846016,76107109,0,180,17984448,90,0,0,0,
446,644.7,1213789,8023040,310370304,76107109,0,184,18531584,92,0,0,0,
447,646.2,1213789,9006080,311025664,76107109,0,188,18936384,94,0,0,0,
448,647.0,1213789,9546752,311025664,76107109,0,192,19198917,96,0,0,0,
449,647.8,1213789,10333184,311025664,76107109,0,196,19524915,98,0,0,0,
450,651.8,1213789,7564288,311025664,81236313,0,200,19914351,100,0,0,0,
451,652.5,1213789,7678976,311025664,81236313,0,204,20367324,102,0,0,0,
452,653.6,1213789,7695360,311549952,81236313,0,208,20883781,104,0,0,0,
453,654.9,1213789,7711744,312074240,81236313,0,212,21463740,106,0,0,0,
454,655.3,1213789,7760896,312074240,81236313,0,216,21695541,108,0,0,0,
455,655.8,1213789,7826432,312074240,81236313,0,220,21990811,110,0,0,0,
456,656.5,1213789,8317952,312074240,81236313,0,224,22349583,112,0,0,0,
457,657.2,1213789,9137152,312074240,81236313,0,228,22771828,114,0,0,0,
458,658.3,1213789,10185728,312598528,81236313,0,232,23257575,116,0,0,0,
459,659.5,1213789,11561984,313122816,81236313,0,236,23806795,118,0,0,0,
460,663.9,1213789,7728128,313122816,86913556,0,240,24213716,120,0,0,0,
461,664.4,1213789,7842816,313122816,86913556,0,244,24478307,122,0,0,0,
462,665.1,1213789,7859200,313122816,86913556,0,248,24806340,124,0,0,0,
463,665.7,1213789,7891968,313122816,86913556,0,252,25197850,126,0,0,0,
464,666.8,1213789,7924736,313647104,86913556,0,256,25652836,128,0,0,0,
465,668.2,1213789,7990272,308944896,86913556,0,260,26171332,130,0,0,0,
466,669.5,1213789,8465408,281366528,86913556,0,264,26753358,132,0,0,0,
467,670.2,1213789,8989696,277282816,86913556,0,268,26987224,134,0,0,0,
468,671.1,1213789,9694208,278069248,86913556,0,272,27284600,136,0,0,0,
469,672.0,1213789,10480640,278855680,86913556,0,276,27645407,138,0,0,0,
470,676.3,1213789,7875584,280428544,92023479,0,280,28069714,140,0,0,0,
471,677.4,1213789,7990272,280952832,92023479,0,284,28557468,142,0,0,0,
472,678.3,1213789,8006656,280952832,92023479,0,288,29108686,144,0,0,0,
473,679.0,1213789,8039424,280952832,92023479,0,292,29517564,146,0,0,0,
474,679.6,1213789,8072192,281083904,92023479,0,296,29784134,148,0,0,0,
475,680.1,1213789,8137728,281083904,92023479,0,300,30114209,150,0,0,0,
476,681.0,1213789,8186880,281477120,92023479,0,304,30507791,152,0,0,0,
477,682.0,1213789,9235456,281870336,92023479,0,308,30964881,154,0,0,0,
478,682.9,1213789,10267648,281870336,92023479,0,312,31485473,156,0,0,0,
479,684.3,1213789,11594752,282918912,92023479,0,316,32069496,158,0,0,0,
480,688.5,1213789,8023040,283574272,97548965,0,320,32305409,160,0,0,0,
481,689.0,1213789,8137728,283574272,97548965,0,324,32604784,162,0,0,0,
482,689.7,1213789,8154112,283574272,97548965,0,328,32967687,164,0,0,0,
483,690.7,1213789,8186880,284098560,97548965,0,332,33393971,166,0,0,0,
484,691.5,1213789,8219648,284098560,97548965,0,336,33883760,168,0,0,0,
485,692.7,1213789,8301568,284753920,97548965,0,340,34437058,170,0,0,0,
486,693.8,1213789,8563712,285278208,97548965,0,344,34848056,172,0,0,0,
487,694.2,1213789,9104384,285278208,97548965,0,348,35116703,174,0,0,0,
488,694.8,1213789,9825280,285409280,97548965,0,352,35448823,176,0,0,0,
489,695.6,1213789,10841088,285409280,97548965,0,356,35844450,178,0,0,0,
490,699.4,1213789,8186880,285409280,102875785,0,360,36303584,180,0,0,0,
491,700.6,1213789,8317952,285933568,102875785,0,364,36826203,182,0,0,0,
492,701.9,1213789,8334336,286457856,102875785,0,368,37412356,184,0,0,0,
493,702.3,1213789,8350720,286457856,102875785,0,372,37650271,186,0,0,0,
494,702.9,1213789,8383488,286457856,102875785,0,376,37951703,188,0,0,0,
495,703.6,1213789,8465408,286457856,102875785,0,380,38316591,190,0,0,0,
496,704.3,1213789,8481792,286457856,102875785,0,384,38744947,192,0,0,0,
497,705.4,1213789,9432064,286982144,102875785,0,388,39236825,194,0,0,0,
498,706.7,1213789,10710016,287506432,102875785,0,392,39792166,196,0,0,0,
499,707.5,1213789,11643904,287506432,102875785,0,396,40205201,198,0,0,0,
500,722.7,1213789,7711744,307429376,55349186,0,400,815227,200,196,1,196,compact
